{
  "version": 1,
  "author": "Anonymous maker",
  "editor": "wokwi",
  "parts": [
    { "type": "wokwi-arduino-mega", "id": "mega", "top": -258.6, "left": 63.6, "attrs": {} },
    {
      "type": "wokwi-servo",
      "id": "servo1",
      "top": -40.4,
      "left": 393.6,
      "attrs": { "hornColor": "#FF0000" }
    },
    {
      "type": "wokwi-servo",
      "id": "servo2",
      "top": -40.4,
      "left": 604.8,
      "attrs": { "hornColor": "#0000FF" }
    }
  ],
  "connections": [
    [ "servo1:GND", "mega:GND.1", "black", [ "h0" ] ],
    [ "mega:5V", "servo1:V+", "red", [ "v35.7", "h2.3", "v57.5" ] ],
    [ "servo1:PWM", "mega:9", "green", [ "h0" ] ],
    [ "servo2:GND", "mega:GND.1", "black", [ "h0" ] ],
    [ "servo2:V+", "mega:5V", "red", [ "h0" ] ],
    [ "servo2:PWM", "mega:8", "green", [ "h0" ] ]
  ],
  "dependencies": {}
}